Transaction_ID,Customer_ID,Card_Number,Customer_Age,Gender,Merchant_Category,Amount,Transaction_Date,Transaction_Time,City,State,Country,Device_Type,Card_Present,CVV_Matched,International_Transaction,Daily_Transaction_Count,Previous_Fraud_Count
TXN102000,CUST1019,5203881937684184,49,Male,Restaurant,57331.18,2026-03-10,05:01:04,Hyderabad,Telangana,India,Laptop,Yes,Yes,No,9,0
TXN102001,CUST1100,1272836030876477,20,Male,Healthcare,99226.97,2026-09-05,13:06:34,Bengaluru,Karnataka,India,Tablet,No,Yes,No,1,3
TXN102002,CUST1432,7162172048886804,24,Female,E-Commerce,33394.43,2026-04-26,21:10:24,Hyderabad,Telangana,India,POS,No,No,No,15,2
TXN102003,CUST1112,9916053906490970,32,Female,Electronics,50477.15,2026-12-05,03:45:38,Delhi,Delhi,India,Mobile,Yes,Yes,No,18,4
TXN102004,CUST1103,3682967074215319,33,Female,Electronics,117154.78,2026-06-24,05:25:50,Chennai,Tamil Nadu,India,Laptop,Yes,Yes,No,19,5
TXN102005,CUST1775,0887548029335838,70,Female,Fashion,102382.32,2026-11-15,20:05:00,Mumbai,Maharashtra,India,POS,No,Yes,No,3,3
TXN102006,CUST1319,5469351021401283,30,Male,E-Commerce,49596.34,2026-09-20,20:37:45,Delhi,Delhi,India,Mobile,Yes,No,No,4,3
TXN102007,CUST1505,1703056870941246,18,Female,Fuel,144478.29,2026-05-10,17:51:14,Pune,Maharashtra,India,POS,Yes,Yes,No,13,4
TXN102008,CUST1266,1876776006434597,61,Male,Fuel,95875.96,2026-08-30,07:02:14,Bengaluru,Karnataka,India,Laptop,No,No,No,11,3
TXN102009,CUST1271,5104848094731815,42,Male,Travel,126776.57,2026-03-25,15:03:29,Jaipur,Rajasthan,India,POS,No,No,No,4,0
TXN102010,CUST1111,0797647545657289,68,Female,Electronics,25004.59,2026-12-16,18:13:18,Pune,Maharashtra,India,POS,No,Yes,Yes,19,0
TXN102011,CUST1624,8468560669926138,26,Female,ATM,71479.86,2026-11-16,14:56:28,Delhi,Delhi,India,Tablet,No,No,Yes,7,4
TXN102012,CUST1579,6263779271107351,26,Female,Electronics,28155.33,2026-01-17,13:34:57,Madurai,Tamil Nadu,India,POS,Yes,Yes,Yes,7,5
TXN102013,CUST1795,3023993446060694,63,Male,Grocery,59854.06,2026-06-26,20:08:12,Kochi,Kerala,India,Tablet,No,No,Yes,20,2
TXN102014,CUST1093,2853700644885487,67,Female,Fashion,16039.74,2026-10-24,20:48:48,Pune,Maharashtra,India,Mobile,No,Yes,No,12,2
TXN102015,CUST1147,8053764255078688,58,Female,ATM,59563.27,2026-12-14,05:02:14,Jaipur,Rajasthan,India,Laptop,Yes,Yes,Yes,3,3
TXN102016,CUST1036,1958663992879872,51,Female,Fashion,123963.64,2026-12-25,02:16:51,Madurai,Tamil Nadu,India,POS,No,No,Yes,19,0
TXN102017,CUST1486,9644160332888070,19,Female,Fuel,105252.49,2026-04-02,16:31:19,Kochi,Kerala,India,Mobile,Yes,Yes,Yes,6,5
TXN102018,CUST1721,0175454164879210,35,Female,Healthcare,19784.63,2026-08-27,10:41:47,Chennai,Tamil Nadu,India,Mobile,No,Yes,No,19,3
TXN102019,CUST1259,4203607854833095,50,Female,Electronics,135317.93,2026-12-19,17:13:25,Pune,Maharashtra,India,Mobile,No,Yes,Yes,9,2
TXN102020,CUST1457,9232671485819701,41,Male,Fuel,84846.17,2026-09-12,19:54:30,Madurai,Tamil Nadu,India,Mobile,Yes,No,Yes,19,1
TXN102021,CUST1048,1828523329704937,55,Female,ATM,24270.72,2026-02-22,10:34:40,Kochi,Kerala,India,POS,Yes,Yes,No,7,4
TXN102022,CUST1662,7149207574142487,70,Male,E-Commerce,61836.21,2026-07-17,04:22:38,Coimbatore,Tamil Nadu,India,Laptop,Yes,Yes,No,19,3
TXN102023,CUST1746,7367724434354978,49,Male,E-Commerce,146174.21,2026-07-12,11:30:07,Kochi,Kerala,India,Tablet,No,Yes,Yes,6,4
TXN102024,CUST1586,0348042479600094,18,Male,Healthcare,104865.31,2026-09-05,07:30:26,Madurai,Tamil Nadu,India,POS,Yes,No,No,5,1
TXN102025,CUST1375,4920369309140152,47,Male,Fuel,141636.2,2026-02-28,14:11:52,Madurai,Tamil Nadu,India,Tablet,No,Yes,No,16,2
TXN102026,CUST1432,9001842933598474,28,Male,E-Commerce,80828.66,2026-05-05,20:48:20,Jaipur,Rajasthan,India,Tablet,No,No,No,3,2
TXN102027,CUST1256,9022624736500329,54,Male,E-Commerce,5738.44,2026-11-22,01:27:19,Delhi,Delhi,India,Tablet,Yes,No,No,5,3
TXN102028,CUST1516,7355404231697920,65,Female,Entertainment,142557.17,2026-05-18,18:14:39,Bengaluru,Karnataka,India,POS,Yes,No,Yes,9,2
TXN102029,CUST1218,9252878357338133,19,Female,Fashion,41621.27,2026-05-08,20:57:53,Bengaluru,Karnataka,India,Mobile,Yes,Yes,No,10,0
TXN102030,CUST1184,2474098537203350,38,Male,Healthcare,7277.25,2026-05-08,04:20:06,Chennai,Tamil Nadu,India,Tablet,Yes,No,No,11,4
TXN102031,CUST1511,0940422456411992,41,Female,Fuel,19782.81,2026-04-30,16:51:52,Chennai,Tamil Nadu,India,Tablet,Yes,Yes,Yes,12,0
TXN102032,CUST1358,3494197157557166,69,Male,Electronics,143820.92,2026-11-20,20:08:17,Mumbai,Maharashtra,India,Laptop,Yes,No,Yes,14,1
TXN102033,CUST1077,8563520076150420,38,Female,ATM,121310.92,2026-12-08,20:26:38,Delhi,Delhi,India,Tablet,Yes,No,Yes,7,5
TXN102034,CUST1433,0809010146103927,50,Male,ATM,89104.83,2026-01-20,08:51:57,Mumbai,Maharashtra,India,Mobile,No,Yes,Yes,14,4
TXN102035,CUST1485,8518569050965688,66,Male,Healthcare,71821.01,2026-09-26,01:00:30,Madurai,Tamil Nadu,India,Tablet,Yes,Yes,Yes,10,3
TXN102036,CUST1159,3735640783083069,46,Female,Fuel,96249.41,2026-06-27,09:38:35,Bengaluru,Karnataka,India,Tablet,No,Yes,No,13,3
TXN102037,CUST1270,9066886751857116,37,Female,Healthcare,6862.8,2026-12-09,19:50:23,Mumbai,Maharashtra,India,Laptop,No,Yes,Yes,17,0
TXN102038,CUST1641,7392002585653377,48,Male,Grocery,101567.18,2026-02-20,12:31:44,Pune,Maharashtra,India,Tablet,Yes,Yes,No,4,2
TXN102039,CUST1290,8720124025455005,36,Male,ATM,149029.5,2026-01-19,21:36:37,Pune,Maharashtra,India,Laptop,No,No,No,8,4
TXN102040,CUST1523,7246163034383000,55,Male,Restaurant,33549.07,2026-03-22,19:19:39,Bengaluru,Karnataka,India,Mobile,No,No,Yes,15,4
TXN102041,CUST1580,6546628973518962,27,Female,Electronics,67878.63,2026-06-17,20:25:03,Chennai,Tamil Nadu,India,Laptop,Yes,Yes,Yes,5,1
TXN102042,CUST1294,0567712515890418,58,Male,ATM,132390.13,2026-01-07,10:04:26,Mumbai,Maharashtra,India,Tablet,Yes,Yes,Yes,7,4
TXN102043,CUST1131,7884479098636152,48,Female,E-Commerce,48477.71,2026-10-10,09:19:19,Madurai,Tamil Nadu,India,Mobile,Yes,Yes,No,18,1
TXN102044,CUST1258,8863137371450311,52,Male,Electronics,57069.84,2026-07-14,20:37:51,Coimbatore,Tamil Nadu,India,POS,Yes,Yes,No,1,3
TXN102045,CUST1088,0471891199256924,64,Female,Healthcare,84051.83,2026-12-09,06:18:04,Chennai,Tamil Nadu,India,Laptop,No,Yes,No,3,1
TXN102046,CUST1774,1811814051325179,60,Male,Restaurant,46807.28,2026-01-20,16:23:26,Chennai,Tamil Nadu,India,POS,Yes,No,No,4,2
TXN102047,CUST1677,8783103145645722,47,Female,Entertainment,89966.54,2026-01-28,14:46:17,Chennai,Tamil Nadu,India,Laptop,Yes,No,No,9,4
TXN102048,CUST1643,9987093391369412,70,Female,Restaurant,10667.72,2026-07-17,00:14:10,Mumbai,Maharashtra,India,Tablet,No,Yes,Yes,18,0
TXN102049,CUST1357,7631010896546125,32,Female,Grocery,58305.19,2026-05-28,00:03:17,Delhi,Delhi,India,POS,No,No,No,18,3
TXN102050,CUST1794,9894848170361007,69,Female,Grocery,113036.36,2026-08-16,15:48:55,Bengaluru,Karnataka,India,Tablet,No,No,Yes,7,0
TXN102051,CUST1455,8111719600490214,36,Female,Fuel,141724.74,2026-07-02,10:54:37,Mumbai,Maharashtra,India,Tablet,No,Yes,Yes,8,5
TXN102052,CUST1678,8496552391703353,18,Male,Restaurant,92597.46,2026-10-27,18:11:24,Mumbai,Maharashtra,India,POS,Yes,No,Yes,20,3
TXN102053,CUST1664,7317394624872385,51,Female,Travel,145463.85,2026-05-05,19:09:55,Delhi,Delhi,India,Tablet,No,Yes,No,3,1
TXN102054,CUST1281,9317967060558173,70,Female,Entertainment,91148.36,2026-03-02,22:07:24,Madurai,Tamil Nadu,India,POS,Yes,No,Yes,12,2
TXN102055,CUST1403,4639897014557039,63,Male,Restaurant,99228.73,2026-09-01,22:53:06,Pune,Maharashtra,India,Tablet,No,Yes,No,11,1
TXN102056,CUST1619,0509260001101561,44,Male,E-Commerce,68977.98,2026-10-15,08:50:16,Jaipur,Rajasthan,India,Mobile,Yes,Yes,Yes,1,0
TXN102057,CUST1689,8823846990867233,22,Male,Restaurant,99813.31,2026-09-28,03:31:43,Delhi,Delhi,India,Laptop,No,No,No,14,0
TXN102058,CUST1621,2218822063186417,42,Male,Fashion,124279.07,2026-03-21,06:26:16,Coimbatore,Tamil Nadu,India,Tablet,Yes,No,Yes,11,5
TXN102059,CUST1625,9167640323919325,26,Male,Healthcare,120766.24,2026-02-22,05:24:56,Jaipur,Rajasthan,India,Laptop,No,No,No,6,1
TXN102060,CUST1321,2964448436868111,37,Male,Fashion,6997.51,2026-05-12,00:38:45,Pune,Maharashtra,India,Mobile,No,No,No,3,2
TXN102061,CUST1325,5906278790259120,63,Female,Healthcare,143059.73,2026-08-28,05:07:26,Madurai,Tamil Nadu,India,Tablet,No,Yes,Yes,5,1
TXN102062,CUST1332,8418029559997737,68,Male,E-Commerce,124595.22,2026-09-08,18:20:48,Kochi,Kerala,India,Mobile,Yes,No,No,9,5
TXN102063,CUST1088,1173670386256761,24,Male,Travel,142213.8,2026-05-30,23:54:10,Bengaluru,Karnataka,India,Laptop,Yes,Yes,Yes,12,3
TXN102064,CUST1256,0829248287321078,51,Male,Fuel,25806.14,2026-08-14,07:45:27,Kochi,Kerala,India,POS,No,Yes,Yes,1,3
TXN102065,CUST1137,0197084287416279,62,Female,Fashion,94403.14,2026-06-17,02:10:39,Kochi,Kerala,India,POS,No,Yes,Yes,1,2
TXN102066,CUST1083,0819484226230036,18,Female,Electronics,19393.84,2026-06-14,01:09:47,Pune,Maharashtra,India,Laptop,Yes,Yes,No,5,5
TXN102067,CUST1282,3753916928091663,25,Female,Healthcare,91851.84,2026-10-13,15:46:43,Hyderabad,Telangana,India,Mobile,Yes,Yes,Yes,9,2
TXN102068,CUST1286,4106166497008445,53,Male,Fuel,49413.21,2026-12-02,03:31:26,Hyderabad,Telangana,India,Laptop,No,Yes,Yes,19,1
TXN102069,CUST1303,1150509699613152,63,Female,Travel,24011.59,2026-05-06,22:10:08,Pune,Maharashtra,India,Mobile,No,Yes,No,15,5
TXN102070,CUST1312,3540476253950111,39,Male,Travel,47935.23,2026-12-18,13:53:11,Delhi,Delhi,India,Tablet,Yes,No,Yes,8,0
TXN102071,CUST1456,4890304588097186,22,Female,Electronics,26754.73,2026-04-23,11:44:21,Hyderabad,Telangana,India,POS,Yes,Yes,No,12,4
TXN102072,CUST1417,7577991137983045,47,Female,Electronics,66350.68,2026-05-09,10:49:55,Coimbatore,Tamil Nadu,India,Mobile,No,Yes,No,17,4
TXN102073,CUST1476,0152213368960083,35,Female,Healthcare,102129.77,2026-02-06,04:42:32,Jaipur,Rajasthan,India,Laptop,Yes,No,No,13,0
TXN102074,CUST1759,1399799271560338,61,Female,ATM,132295.13,2026-12-13,11:56:53,Madurai,Tamil Nadu,India,POS,No,Yes,No,8,4
TXN102075,CUST1479,6309007379499944,38,Female,Restaurant,130438.77,2026-06-08,08:07:54,Chennai,Tamil Nadu,India,Tablet,No,Yes,No,5,3
TXN102076,CUST1656,5434759160435983,57,Female,E-Commerce,111128.78,2026-08-25,19:45:50,Jaipur,Rajasthan,India,Tablet,No,No,No,17,1
TXN102077,CUST1689,7568167843407307,59,Male,Entertainment,69880.47,2026-07-18,03:56:58,Bengaluru,Karnataka,India,POS,Yes,Yes,No,17,4
TXN102078,CUST1224,6922338540336999,39,Male,ATM,49987.95,2026-01-23,23:11:14,Coimbatore,Tamil Nadu,India,Laptop,No,No,Yes,6,3
TXN102079,CUST1244,5514972490322347,49,Male,Restaurant,63610.94,2026-11-10,10:56:02,Jaipur,Rajasthan,India,Laptop,No,No,No,12,5
TXN102080,CUST1463,0200617413644594,69,Female,Healthcare,16718.0,2026-03-23,03:35:36,Bengaluru,Karnataka,India,Mobile,Yes,No,Yes,14,2
TXN102081,CUST1031,7612228305644685,33,Male,Restaurant,55678.21,2026-06-15,10:37:21,Chennai,Tamil Nadu,India,Laptop,No,Yes,No,14,0
TXN102082,CUST1512,7789433276399046,20,Male,ATM,26732.59,2026-05-06,12:36:24,Madurai,Tamil Nadu,India,Tablet,Yes,Yes,Yes,5,0
TXN102083,CUST1578,7550617906701512,20,Male,Fashion,87623.59,2026-04-17,08:19:39,Chennai,Tamil Nadu,India,Tablet,No,No,Yes,4,3
TXN102084,CUST1187,1833391929692105,32,Male,Entertainment,12801.7,2026-03-30,13:02:55,Chennai,Tamil Nadu,India,Laptop,Yes,Yes,No,15,5
TXN102085,CUST1287,2705498578872820,43,Male,Electronics,23858.97,2026-12-05,16:53:44,Chennai,Tamil Nadu,India,Mobile,Yes,No,Yes,10,2
TXN102086,CUST1426,6589524760960647,27,Female,Travel,26573.76,2026-08-25,06:28:35,Delhi,Delhi,India,POS,No,No,No,1,3
TXN102087,CUST1004,9465777061298897,27,Female,Electronics,59862.89,2026-02-01,19:08:32,Madurai,Tamil Nadu,India,Tablet,Yes,No,No,4,3
TXN102088,CUST1028,0537186056688031,62,Female,Healthcare,45876.88,2026-08-30,18:53:23,Coimbatore,Tamil Nadu,India,Laptop,No,Yes,Yes,6,2
TXN102089,CUST1137,8535416019919848,19,Female,Grocery,139647.75,2026-03-02,15:00:44,Pune,Maharashtra,India,Tablet,No,Yes,No,6,0
TXN102090,CUST1492,7107404336895796,46,Male,Restaurant,61871.97,2026-12-09,01:20:04,Coimbatore,Tamil Nadu,India,Mobile,Yes,Yes,No,2,0
TXN102091,CUST1509,8502050254972392,20,Male,Grocery,148464.1,2026-03-30,19:57:56,Delhi,Delhi,India,POS,No,No,No,11,5
TXN102092,CUST1236,9659744252694204,23,Female,Restaurant,16995.22,2026-04-19,14:18:02,Kochi,Kerala,India,Mobile,Yes,Yes,No,20,1
TXN102093,CUST1455,6699768160855717,37,Male,Travel,78168.7,2026-11-12,23:25:33,Pune,Maharashtra,India,Mobile,No,No,Yes,17,0
TXN102094,CUST1217,5862405744509998,45,Male,Electronics,38802.64,2026-05-05,10:09:28,Jaipur,Rajasthan,India,Mobile,Yes,Yes,Yes,2,5
TXN102095,CUST1531,5184668985932135,70,Female,Fuel,75037.01,2026-04-18,01:52:42,Delhi,Delhi,India,Laptop,No,Yes,Yes,5,1
TXN102096,CUST1673,6425972055482987,68,Male,E-Commerce,21178.9,2026-02-02,09:30:43,Hyderabad,Telangana,India,POS,No,No,No,1,2
TXN102097,CUST1179,9371784721461727,39,Male,Restaurant,51653.36,2026-03-15,19:53:57,Madurai,Tamil Nadu,India,Tablet,No,No,No,19,4
TXN102098,CUST1538,7754458474134019,26,Male,Healthcare,149208.41,2026-01-02,22:21:38,Mumbai,Maharashtra,India,Laptop,No,No,Yes,19,1
TXN102099,CUST1258,6389012484479365,44,Male,Fuel,147179.2,2026-07-29,17:51:25,Madurai,Tamil Nadu,India,Laptop,Yes,Yes,No,1,5
TXN102100,CUST1429,5948053160227433,21,Male,Entertainment,144035.28,2026-04-01,20:45:48,Delhi,Delhi,India,Mobile,No,Yes,No,10,3
TXN102101,CUST1361,6311213807828780,43,Female,Fuel,47876.55,2026-06-02,11:39:55,Pune,Maharashtra,India,POS,No,No,Yes,12,3
TXN102102,CUST1334,4180288252128866,55,Male,Travel,125135.46,2026-11-11,08:24:37,Jaipur,Rajasthan,India,POS,Yes,Yes,No,15,0
TXN102103,CUST1337,2031329887123203,45,Female,ATM,65500.0,2026-05-31,04:50:28,Delhi,Delhi,India,Tablet,Yes,No,No,6,3
TXN102104,CUST1148,8760320877834710,44,Male,ATM,34172.02,2026-04-24,08:40:40,Kochi,Kerala,India,POS,No,Yes,No,14,1
TXN102105,CUST1198,2770045358597302,67,Female,Fashion,111832.34,2026-12-09,04:10:35,Kochi,Kerala,India,Tablet,Yes,No,Yes,9,0
TXN102106,CUST1782,2555468939770411,44,Female,ATM,80638.68,2026-02-05,11:50:37,Mumbai,Maharashtra,India,POS,No,No,Yes,17,3
TXN102107,CUST1352,6904484673322912,36,Female,Travel,80222.12,2026-12-20,14:01:00,Mumbai,Maharashtra,India,Laptop,Yes,No,No,19,4
TXN102108,CUST1694,4264076089530120,32,Male,E-Commerce,76772.25,2026-12-22,03:15:46,Pune,Maharashtra,India,Tablet,Yes,No,Yes,18,1
TXN102109,CUST1254,5689058108015337,35,Male,Travel,60584.84,2026-01-11,04:40:41,Delhi,Delhi,India,Tablet,Yes,No,Yes,11,3
TXN102110,CUST1375,9695794575959955,19,Female,Travel,134487.81,2026-05-03,22:40:24,Madurai,Tamil Nadu,India,Mobile,No,Yes,No,17,2
TXN102111,CUST1294,1839525252078821,43,Female,Fuel,131056.25,2026-11-09,20:45:11,Coimbatore,Tamil Nadu,India,POS,No,No,No,10,2
TXN102112,CUST1153,0302769473088240,30,Female,Fashion,25886.82,2026-02-16,05:47:18,Hyderabad,Telangana,India,Mobile,Yes,Yes,No,8,2
TXN102113,CUST1660,0941218052579599,21,Male,Restaurant,138764.69,2026-09-02,19:58:16,Coimbatore,Tamil Nadu,India,Laptop,Yes,Yes,No,10,3
TXN102114,CUST1009,1891134348571339,67,Female,Electronics,133879.44,2026-08-07,17:26:05,Madurai,Tamil Nadu,India,Tablet,Yes,No,Yes,4,0
TXN102115,CUST1155,0291381301494802,57,Male,ATM,81778.11,2026-09-28,22:04:37,Mumbai,Maharashtra,India,Tablet,No,No,Yes,7,0
TXN102116,CUST1587,1990821335683172,32,Female,Healthcare,73383.96,2026-06-03,22:56:44,Coimbatore,Tamil Nadu,India,Tablet,Yes,Yes,Yes,18,4
TXN102117,CUST1095,9187405013320344,55,Female,Healthcare,4221.0,2026-09-10,02:16:57,Pune,Maharashtra,India,Tablet,No,No,Yes,16,3
TXN102118,CUST1356,2572316316037811,59,Male,Travel,115592.96,2026-12-20,14:54:01,Bengaluru,Karnataka,India,Tablet,Yes,Yes,No,13,3
TXN102119,CUST1024,0599469669323370,19,Female,Fuel,111341.31,2026-06-12,16:52:00,Chennai,Tamil Nadu,India,Tablet,Yes,No,Yes,18,3
TXN102120,CUST1203,3234306587448883,57,Male,Fashion,70244.64,2026-11-04,23:00:53,Jaipur,Rajasthan,India,Tablet,Yes,Yes,No,18,5
TXN102121,CUST1145,5854551391960348,28,Male,Healthcare,74366.58,2026-10-15,06:35:45,Delhi,Delhi,India,Laptop,No,Yes,Yes,8,4
TXN102122,CUST1018,0436475846648674,24,Female,Fashion,73689.51,2026-02-15,04:02:25,Bengaluru,Karnataka,India,Mobile,No,No,No,6,4
TXN102123,CUST1453,7601458408114415,46,Male,ATM,16955.34,2026-06-09,22:13:44,Mumbai,Maharashtra,India,Mobile,Yes,No,No,4,0
TXN102124,CUST1315,6036118926055546,40,Female,Electronics,111240.7,2026-09-14,07:24:32,Hyderabad,Telangana,India,Laptop,No,No,Yes,9,0
TXN102125,CUST1204,4454595660030119,44,Male,Electronics,74506.63,2026-03-18,07:33:24,Jaipur,Rajasthan,India,Tablet,No,Yes,Yes,15,5
TXN102126,CUST1213,6838509570934099,23,Female,Travel,5020.29,2026-02-28,02:12:26,Hyderabad,Telangana,India,Mobile,Yes,No,No,18,2
TXN102127,CUST1194,7700627959514295,34,Female,E-Commerce,112339.55,2026-08-08,18:21:18,Madurai,Tamil Nadu,India,Mobile,No,No,No,5,3
TXN102128,CUST1352,2800161734479459,29,Male,Travel,101139.98,2026-07-29,22:13:35,Bengaluru,Karnataka,India,Laptop,No,No,No,3,5
TXN102129,CUST1700,0017078129457613,20,Female,E-Commerce,45295.25,2026-05-25,02:44:58,Hyderabad,Telangana,India,Laptop,Yes,No,No,5,4
TXN102130,CUST1207,3728756798130265,42,Female,Entertainment,142590.3,2026-08-30,03:52:05,Kochi,Kerala,India,Laptop,Yes,No,Yes,17,4
TXN102131,CUST1285,1079116114644611,55,Male,Grocery,113749.36,2026-08-23,11:51:19,Madurai,Tamil Nadu,India,POS,No,Yes,No,6,1
TXN102132,CUST1509,7487700788125325,24,Male,Fuel,112657.1,2026-10-12,00:35:10,Madurai,Tamil Nadu,India,Tablet,No,Yes,No,13,3
TXN102133,CUST1746,0286538395716468,26,Male,Grocery,124374.83,2026-04-07,21:47:30,Chennai,Tamil Nadu,India,Mobile,No,Yes,Yes,16,4
TXN102134,CUST1796,0886693207098348,35,Male,Healthcare,73781.6,2026-06-05,17:28:55,Mumbai,Maharashtra,India,Laptop,No,No,Yes,16,2
TXN102135,CUST1690,4565726765419828,24,Female,E-Commerce,40753.37,2026-09-02,18:22:00,Chennai,Tamil Nadu,India,Laptop,No,No,Yes,5,0
TXN102136,CUST1191,6269303264525733,18,Male,Entertainment,113035.19,2026-05-13,01:46:24,Bengaluru,Karnataka,India,POS,Yes,No,No,5,5
TXN102137,CUST1153,4767512583799005,31,Female,Healthcare,90091.85,2026-04-17,06:08:31,Mumbai,Maharashtra,India,Laptop,Yes,No,Yes,5,4
TXN102138,CUST1364,6283723722593103,69,Male,Entertainment,123691.59,2026-12-24,22:56:03,Chennai,Tamil Nadu,India,POS,Yes,Yes,No,2,1
TXN102139,CUST1761,7043333188384561,26,Female,Entertainment,133633.25,2026-11-17,00:17:29,Bengaluru,Karnataka,India,Tablet,Yes,No,Yes,16,3
TXN102140,CUST1586,6806455442157837,57,Male,Healthcare,43440.38,2026-06-15,06:45:09,Delhi,Delhi,India,Laptop,No,No,Yes,9,5
TXN102141,CUST1136,8839039799783315,19,Male,Electronics,14235.74,2026-09-19,11:48:37,Mumbai,Maharashtra,India,POS,No,Yes,Yes,5,2
TXN102142,CUST1012,6668606734767149,54,Female,Fashion,21391.77,2026-10-26,11:46:39,Coimbatore,Tamil Nadu,India,Mobile,Yes,No,Yes,10,1
TXN102143,CUST1481,6221559637439639,56,Female,E-Commerce,50555.69,2026-11-02,09:00:12,Pune,Maharashtra,India,POS,No,No,No,12,3
TXN102144,CUST1798,5317087300210273,42,Female,Fashion,102450.3,2026-03-27,11:47:24,Delhi,Delhi,India,Laptop,Yes,Yes,Yes,10,4
TXN102145,CUST1463,4939166019109048,51,Female,Healthcare,108013.62,2026-01-12,23:28:13,Madurai,Tamil Nadu,India,Tablet,No,No,No,18,4
TXN102146,CUST1644,3785954176090937,24,Female,Restaurant,137297.97,2026-12-29,21:42:23,Pune,Maharashtra,India,Mobile,Yes,No,No,16,1
TXN102147,CUST1733,4669447338780528,54,Male,Travel,58379.21,2026-06-26,02:35:12,Delhi,Delhi,India,POS,No,No,Yes,19,4
TXN102148,CUST1772,8837434509685938,20,Female,Electronics,112048.62,2026-01-30,04:15:02,Pune,Maharashtra,India,Tablet,No,No,Yes,9,1
TXN102149,CUST1306,3548695212156038,46,Male,Grocery,78190.9,2026-01-24,06:21:55,Hyderabad,Telangana,India,Tablet,No,No,No,1,2
TXN102150,CUST1602,0376474769116122,25,Female,Grocery,147752.69,2026-05-02,23:36:52,Mumbai,Maharashtra,India,POS,No,No,Yes,19,5
TXN102151,CUST1046,0415893335286601,70,Male,ATM,47103.61,2026-01-01,00:10:37,Kochi,Kerala,India,Tablet,Yes,Yes,Yes,1,0
TXN102152,CUST1189,4571815806194999,25,Male,Healthcare,93839.57,2026-07-11,01:56:22,Kochi,Kerala,India,Mobile,Yes,Yes,No,18,3
TXN102153,CUST1084,8671708049293285,19,Female,Fuel,90044.38,2026-02-12,04:37:14,Bengaluru,Karnataka,India,Laptop,Yes,Yes,No,19,2
TXN102154,CUST1168,2094003717758856,27,Female,Restaurant,81158.15,2026-07-18,12:06:04,Madurai,Tamil Nadu,India,Tablet,Yes,Yes,Yes,2,3
TXN102155,CUST1607,5165712118601811,60,Male,Fashion,131226.5,2026-11-11,19:59:14,Bengaluru,Karnataka,India,Mobile,Yes,No,No,19,5
TXN102156,CUST1521,7920623145968891,19,Female,Fuel,85629.55,2026-07-27,17:03:18,Kochi,Kerala,India,Mobile,No,Yes,Yes,3,1
TXN102157,CUST1773,0360816418044608,62,Male,E-Commerce,74959.5,2026-02-22,08:02:51,Pune,Maharashtra,India,Laptop,No,No,No,9,2
TXN102158,CUST1580,5060958062745669,53,Male,E-Commerce,95669.84,2026-06-28,18:41:02,Delhi,Delhi,India,POS,Yes,No,Yes,10,1
TXN102159,CUST1682,9049577625384766,56,Male,E-Commerce,120973.0,2026-04-10,01:06:25,Hyderabad,Telangana,India,Tablet,Yes,No,Yes,16,2
TXN102160,CUST1689,6859026297611662,67,Female,Healthcare,1231.31,2026-04-08,09:38:33,Madurai,Tamil Nadu,India,POS,No,No,No,2,0
TXN102161,CUST1406,5627740215723125,27,Female,Electronics,144155.54,2026-06-24,04:21:52,Mumbai,Maharashtra,India,Mobile,Yes,No,No,20,3
TXN102162,CUST1065,7215052053531318,35,Female,Healthcare,2547.91,2026-11-10,19:14:18,Madurai,Tamil Nadu,India,Laptop,Yes,Yes,Yes,1,4
TXN102163,CUST1088,2944314140878343,61,Female,Entertainment,88781.54,2026-10-06,04:44:55,Hyderabad,Telangana,India,Mobile,Yes,Yes,Yes,14,4
TXN102164,CUST1151,3137998181009624,28,Female,Travel,149007.26,2026-09-23,19:48:51,Mumbai,Maharashtra,India,Laptop,No,No,No,15,2
TXN102165,CUST1795,5263488823725442,26,Female,Fashion,49073.99,2026-02-04,14:33:43,Pune,Maharashtra,India,Laptop,Yes,No,Yes,8,2
TXN102166,CUST1345,5388287204767666,63,Male,ATM,19319.19,2026-10-07,15:19:20,Pune,Maharashtra,India,Tablet,Yes,Yes,Yes,16,2
TXN102167,CUST1213,1368593152621074,63,Male,Restaurant,118563.32,2026-05-15,07:00:40,Coimbatore,Tamil Nadu,India,Mobile,No,Yes,No,10,2
TXN102168,CUST1146,9964574433199711,61,Female,Fashion,34100.89,2026-05-05,08:50:37,Delhi,Delhi,India,Laptop,No,No,Yes,3,0
TXN102169,CUST1769,0343449975858618,51,Male,Entertainment,76784.72,2026-01-28,22:59:51,Madurai,Tamil Nadu,India,Mobile,No,Yes,No,20,2
TXN102170,CUST1223,7638274903312223,56,Female,Restaurant,83534.34,2026-08-13,00:18:28,Bengaluru,Karnataka,India,Mobile,No,Yes,No,18,3
TXN102171,CUST1318,7774070366656007,42,Male,Electronics,128228.36,2026-10-09,04:07:55,Madurai,Tamil Nadu,India,Laptop,Yes,Yes,No,18,1
TXN102172,CUST1493,8472643933045969,28,Male,Healthcare,60162.96,2026-07-23,01:56:17,Pune,Maharashtra,India,POS,Yes,Yes,Yes,7,2
TXN102173,CUST1670,4358498118465124,29,Male,Grocery,130944.08,2026-05-01,14:35:43,Coimbatore,Tamil Nadu,India,Tablet,Yes,No,Yes,13,2
TXN102174,CUST1641,8116595585942193,49,Male,Fuel,31325.64,2026-07-29,06:58:44,Mumbai,Maharashtra,India,POS,No,Yes,No,13,3
TXN102175,CUST1438,8777593586134174,56,Male,E-Commerce,51939.6,2026-10-12,00:35:41,Pune,Maharashtra,India,POS,Yes,No,No,5,1
TXN102176,CUST1206,9907615001113915,37,Male,Restaurant,42494.68,2026-04-12,13:16:31,Jaipur,Rajasthan,India,Laptop,Yes,No,Yes,3,0
TXN102177,CUST1744,8616479049915738,60,Male,Healthcare,68155.7,2026-10-21,12:29:42,Bengaluru,Karnataka,India,Tablet,No,Yes,Yes,19,5
TXN102178,CUST1404,1023726432058699,46,Male,Restaurant,136680.17,2026-11-14,15:06:42,Kochi,Kerala,India,POS,No,Yes,Yes,16,3
TXN102179,CUST1008,1154917732609685,44,Female,Fuel,5288.26,2026-09-26,10:43:38,Delhi,Delhi,India,Laptop,No,No,No,19,2
TXN102180,CUST1218,3644702632767659,43,Female,Travel,77760.48,2026-12-02,23:24:24,Jaipur,Rajasthan,India,POS,No,No,Yes,12,2
TXN102181,CUST1644,3474502405377290,53,Female,ATM,91690.66,2026-06-11,07:41:39,Hyderabad,Telangana,India,POS,Yes,Yes,No,12,2
TXN102182,CUST1568,0780538338569329,25,Male,Healthcare,90145.3,2026-06-05,23:33:02,Hyderabad,Telangana,India,Mobile,No,Yes,No,7,0
TXN102183,CUST1282,1506324051026583,52,Female,E-Commerce,64810.59,2026-04-14,09:59:25,Delhi,Delhi,India,POS,No,No,No,14,5
TXN102184,CUST1039,3327399741592094,70,Male,Grocery,131575.01,2026-01-11,05:40:31,Mumbai,Maharashtra,India,Mobile,No,Yes,No,4,3
TXN102185,CUST1307,8497797383306144,31,Female,Entertainment,129338.54,2026-07-10,08:45:30,Pune,Maharashtra,India,Laptop,No,Yes,No,6,3
TXN102186,CUST1033,2706875670718129,29,Male,Healthcare,138369.96,2026-04-22,18:07:08,Bengaluru,Karnataka,India,Tablet,No,No,No,20,5
TXN102187,CUST1603,8413376870580791,66,Male,Healthcare,126761.09,2026-07-06,03:56:01,Mumbai,Maharashtra,India,POS,Yes,No,Yes,15,4
TXN102188,CUST1210,8478483034857365,60,Female,Grocery,130203.1,2026-05-15,19:08:30,Madurai,Tamil Nadu,India,Mobile,Yes,Yes,Yes,15,4
TXN102189,CUST1519,3643167859844408,53,Female,E-Commerce,32381.03,2026-04-13,05:40:02,Delhi,Delhi,India,POS,No,Yes,No,5,3
TXN102190,CUST1635,9015230299966330,56,Male,Fashion,53764.56,2026-07-24,11:16:00,Bengaluru,Karnataka,India,Mobile,No,Yes,No,9,0
TXN102191,CUST1185,7320129531850042,30,Male,ATM,21047.72,2026-01-20,22:54:24,Pune,Maharashtra,India,Laptop,Yes,No,Yes,2,4
TXN102192,CUST1244,0548473857797398,65,Male,Restaurant,124662.6,2026-06-18,20:43:20,Bengaluru,Karnataka,India,Mobile,No,Yes,Yes,16,1
TXN102193,CUST1695,3826429518525576,67,Male,Travel,135794.29,2026-10-30,01:15:03,Pune,Maharashtra,India,Mobile,No,No,No,9,5
TXN102194,CUST1514,7615048849150892,59,Female,Restaurant,61112.92,2026-05-29,01:15:58,Kochi,Kerala,India,Mobile,No,No,No,12,2
TXN102195,CUST1616,3558810822775477,58,Female,Entertainment,40762.83,2026-10-22,05:23:18,Coimbatore,Tamil Nadu,India,Laptop,Yes,No,Yes,10,5
TXN102196,CUST1601,3797900704559484,54,Female,Entertainment,134463.41,2026-02-24,13:27:08,Bengaluru,Karnataka,India,POS,No,No,Yes,5,2
TXN102197,CUST1373,9350276749064122,49,Male,Entertainment,59625.25,2026-04-12,02:18:52,Kochi,Kerala,India,Mobile,Yes,No,Yes,16,5
TXN102198,CUST1051,0545583455955621,45,Male,Fashion,55983.12,2026-12-03,15:44:55,Mumbai,Maharashtra,India,Tablet,Yes,No,Yes,10,5
TXN102199,CUST1595,1086043171557852,23,Female,E-Commerce,34765.46,2026-07-20,17:24:56,Chennai,Tamil Nadu,India,Laptop,Yes,No,Yes,17,4
TXN102200,CUST1531,8850105583911153,29,Male,Electronics,60914.29,2026-01-25,01:39:45,Bengaluru,Karnataka,India,Laptop,Yes,No,Yes,16,4
TXN102201,CUST1044,2038878218893844,46,Male,Healthcare,115950.08,2026-08-10,12:15:47,Hyderabad,Telangana,India,Laptop,Yes,Yes,No,17,5
TXN102202,CUST1095,2426647426440478,30,Male,Entertainment,89910.68,2026-08-11,13:15:28,Jaipur,Rajasthan,India,POS,Yes,No,No,10,2
TXN102203,CUST1625,9246871446939953,23,Female,Travel,121222.53,2026-07-26,09:41:09,Bengaluru,Karnataka,India,POS,Yes,Yes,No,19,0
TXN102204,CUST1569,9649666811822923,60,Male,Restaurant,57587.11,2026-09-09,04:11:57,Chennai,Tamil Nadu,India,Laptop,No,Yes,Yes,16,5
TXN102205,CUST1572,4061386748578304,68,Female,Travel,87639.04,2026-12-18,10:43:49,Delhi,Delhi,India,Tablet,No,No,No,18,5
TXN102206,CUST1003,0551267644943632,47,Male,Travel,61692.47,2026-05-11,13:22:12,Hyderabad,Telangana,India,POS,Yes,Yes,Yes,10,1
TXN102207,CUST1090,8674715203519198,40,Male,Travel,61356.74,2026-11-18,03:15:14,Kochi,Kerala,India,POS,Yes,Yes,No,7,1
TXN102208,CUST1191,9876632790423381,18,Female,Grocery,138017.91,2026-09-16,19:04:47,Delhi,Delhi,India,Mobile,Yes,No,Yes,5,4
TXN102209,CUST1084,8457496599052702,40,Female,Fuel,143623.88,2026-05-29,06:20:57,Pune,Maharashtra,India,Laptop,Yes,No,Yes,16,3
TXN102210,CUST1750,5130610922168974,39,Male,Entertainment,16579.15,2026-08-17,07:53:09,Chennai,Tamil Nadu,India,POS,Yes,Yes,Yes,15,2
TXN102211,CUST1255,1266656023361655,50,Male,Healthcare,114437.1,2026-05-09,14:20:21,Kochi,Kerala,India,Laptop,No,No,Yes,2,5
TXN102212,CUST1248,6702751005687069,18,Female,Entertainment,143542.03,2026-02-06,05:05:44,Pune,Maharashtra,India,Mobile,No,No,Yes,6,1
TXN102213,CUST1374,3933054849516570,46,Female,Fashion,21834.77,2026-02-25,22:33:14,Chennai,Tamil Nadu,India,Laptop,No,Yes,No,9,3
TXN102214,CUST1768,8551902041154880,67,Female,Fuel,7533.04,2026-04-24,06:18:25,Kochi,Kerala,India,Laptop,Yes,No,Yes,8,0
TXN102215,CUST1324,7543700984164377,20,Male,Fuel,117954.15,2026-01-06,23:17:28,Chennai,Tamil Nadu,India,Mobile,Yes,No,Yes,18,5
TXN102216,CUST1230,3971785681769750,40,Male,Entertainment,142778.37,2026-05-02,22:49:36,Bengaluru,Karnataka,India,Mobile,Yes,Yes,No,12,4
TXN102217,CUST1086,6983317936470894,64,Female,Grocery,57886.78,2026-12-27,22:51:40,Hyderabad,Telangana,India,POS,Yes,No,Yes,12,3
TXN102218,CUST1022,7650946207856227,25,Male,Healthcare,3959.1,2026-03-07,20:42:24,Coimbatore,Tamil Nadu,India,Mobile,No,Yes,Yes,1,4
TXN102219,CUST1226,6091949081700327,62,Female,Electronics,79130.88,2026-06-26,21:42:44,Pune,Maharashtra,India,Tablet,No,No,No,2,0
TXN102220,CUST1285,9726821195696460,49,Female,Fashion,95379.2,2026-11-01,11:24:44,Jaipur,Rajasthan,India,Mobile,Yes,Yes,Yes,12,0
TXN102221,CUST1210,5639748925007516,47,Female,ATM,62439.0,2026-08-31,06:23:34,Coimbatore,Tamil Nadu,India,Laptop,Yes,No,No,9,4
TXN102222,CUST1461,4779359958438356,56,Female,Fuel,26657.69,2026-03-16,01:53:05,Jaipur,Rajasthan,India,Laptop,Yes,No,No,14,5
TXN102223,CUST1592,1267191969933530,31,Male,Fashion,114710.09,2026-09-02,17:13:02,Kochi,Kerala,India,Tablet,Yes,No,No,8,1
TXN102224,CUST1338,5262029487478112,53,Male,Healthcare,88654.0,2026-12-07,18:12:18,Kochi,Kerala,India,Mobile,No,Yes,Yes,5,1
TXN102225,CUST1593,3177865039475055,48,Female,Entertainment,117157.16,2026-10-16,02:29:19,Bengaluru,Karnataka,India,Mobile,Yes,No,Yes,10,5
TXN102226,CUST1327,3538115750927209,35,Male,Fashion,57111.24,2026-12-26,11:28:41,Kochi,Kerala,India,Tablet,Yes,No,Yes,7,4
TXN102227,CUST1103,6867088550694394,35,Male,Grocery,117888.11,2026-02-04,00:19:09,Delhi,Delhi,India,Tablet,No,Yes,No,9,4
TXN102228,CUST1154,1018188969913293,41,Female,Travel,31560.07,2026-06-07,16:56:40,Coimbatore,Tamil Nadu,India,Mobile,Yes,No,No,2,1
TXN102229,CUST1307,7560164262455462,18,Male,Fuel,124587.81,2026-06-24,22:16:50,Mumbai,Maharashtra,India,Laptop,Yes,Yes,No,1,3
TXN102230,CUST1086,7343466095470060,68,Male,E-Commerce,78847.15,2026-02-09,01:28:36,Kochi,Kerala,India,Mobile,No,Yes,No,5,0
TXN102231,CUST1266,1202241756168095,45,Female,Fuel,79340.8,2026-06-21,08:07:12,Bengaluru,Karnataka,India,Laptop,No,No,No,1,1
TXN102232,CUST1531,5915658179157829,21,Female,Electronics,110671.78,2026-06-05,18:11:10,Coimbatore,Tamil Nadu,India,Mobile,Yes,No,Yes,19,4
TXN102233,CUST1623,4814140138569939,25,Female,Electronics,61857.59,2026-03-20,00:57:07,Madurai,Tamil Nadu,India,Mobile,Yes,No,No,2,1
TXN102234,CUST1053,9844698886659481,62,Male,Entertainment,28033.33,2026-11-04,03:15:42,Mumbai,Maharashtra,India,Tablet,No,Yes,No,10,2
TXN102235,CUST1711,9153218011308523,24,Female,Healthcare,124331.76,2026-10-01,05:56:15,Hyderabad,Telangana,India,Laptop,No,Yes,Yes,5,5
TXN102236,CUST1753,4626713202534238,45,Female,Grocery,122040.71,2026-08-31,12:01:19,Madurai,Tamil Nadu,India,Laptop,No,No,No,16,2
TXN102237,CUST1054,8772107524003305,22,Male,E-Commerce,107216.98,2026-09-10,04:18:51,Delhi,Delhi,India,Laptop,No,No,Yes,14,2
TXN102238,CUST1297,1689392763985238,60,Male,ATM,25430.46,2026-09-19,18:12:58,Mumbai,Maharashtra,India,Laptop,Yes,No,No,17,0
TXN102239,CUST1490,0423573189959311,64,Female,E-Commerce,88995.96,2026-12-12,02:41:12,Kochi,Kerala,India,Laptop,No,No,Yes,12,0
TXN102240,CUST1481,0775088494999635,47,Female,ATM,62451.48,2026-08-01,04:49:04,Bengaluru,Karnataka,India,Mobile,No,No,Yes,20,2
TXN102241,CUST1566,4542259551330591,40,Female,Fuel,87296.16,2026-04-17,21:44:22,Coimbatore,Tamil Nadu,India,Mobile,Yes,No,No,10,2
TXN102242,CUST1110,3636590504173722,33,Female,Electronics,63000.38,2026-12-26,15:53:32,Delhi,Delhi,India,Mobile,Yes,Yes,Yes,18,0
TXN102243,CUST1144,8171899354752112,46,Female,E-Commerce,63495.58,2026-09-12,06:04:05,Hyderabad,Telangana,India,Laptop,Yes,Yes,Yes,18,4
TXN102244,CUST1413,2306594003818036,37,Female,Fuel,101642.66,2026-01-23,04:04:32,Madurai,Tamil Nadu,India,POS,Yes,No,Yes,18,0
TXN102245,CUST1459,0284616878732149,56,Female,Grocery,31483.19,2026-03-07,00:17:12,Hyderabad,Telangana,India,Tablet,No,Yes,Yes,10,2
TXN102246,CUST1133,1065100460104131,33,Female,Travel,50127.01,2026-08-22,18:19:08,Chennai,Tamil Nadu,India,Tablet,Yes,Yes,Yes,20,2
TXN102247,CUST1434,7217618989878776,48,Female,Travel,129721.99,2026-04-22,16:30:29,Coimbatore,Tamil Nadu,India,Laptop,Yes,Yes,Yes,20,3
TXN102248,CUST1659,2048730451945586,50,Male,Entertainment,124253.47,2026-04-25,08:07:34,Pune,Maharashtra,India,Mobile,No,No,No,2,1
TXN102249,CUST1642,1575859391853620,41,Female,Restaurant,90162.55,2026-05-01,18:11:28,Coimbatore,Tamil Nadu,India,POS,No,Yes,No,8,4
TXN102250,CUST1322,6702071537842055,61,Female,Travel,113376.46,2026-12-11,10:17:18,Chennai,Tamil Nadu,India,Tablet,No,No,No,17,4
TXN102251,CUST1551,9221007204094711,68,Male,Restaurant,60409.74,2026-12-19,14:23:42,Delhi,Delhi,India,Mobile,No,Yes,Yes,10,4
TXN102252,CUST1438,6718644262447049,53,Female,Entertainment,12370.53,2026-01-09,03:32:29,Delhi,Delhi,India,Mobile,Yes,Yes,Yes,11,3
TXN102253,CUST1796,0443073246689974,56,Male,Fashion,95881.13,2026-01-30,08:51:14,Pune,Maharashtra,India,Mobile,No,No,Yes,9,3
TXN102254,CUST1588,2470481130186432,33,Male,Restaurant,138352.91,2026-12-19,12:52:23,Coimbatore,Tamil Nadu,India,Mobile,Yes,No,No,20,0
TXN102255,CUST1487,0034374325674053,42,Male,Travel,13756.87,2026-11-29,21:09:13,Coimbatore,Tamil Nadu,India,Mobile,No,No,Yes,3,0
TXN102256,CUST1607,0206071369300522,22,Female,Restaurant,24634.33,2026-08-06,14:41:15,Kochi,Kerala,India,Laptop,No,Yes,No,14,0
TXN102257,CUST1127,6159994426184553,46,Female,ATM,145685.38,2026-07-25,16:08:46,Jaipur,Rajasthan,India,POS,Yes,Yes,No,20,4
TXN102258,CUST1673,4023235859358035,59,Male,ATM,77704.84,2026-06-22,00:59:51,Delhi,Delhi,India,POS,Yes,No,Yes,19,5
TXN102259,CUST1646,7354425247777444,54,Female,Restaurant,119158.84,2026-05-06,01:19:27,Hyderabad,Telangana,India,Mobile,Yes,No,Yes,13,4
TXN102260,CUST1545,8264862755377938,40,Female,Healthcare,3153.62,2026-02-21,04:07:01,Hyderabad,Telangana,India,Mobile,No,Yes,No,9,2
TXN102261,CUST1749,3960160993247079,27,Female,Electronics,54117.31,2026-02-23,22:30:18,Bengaluru,Karnataka,India,Mobile,No,Yes,Yes,5,2
TXN102262,CUST1061,3943988442789523,45,Male,Entertainment,88749.97,2026-05-16,18:26:46,Hyderabad,Telangana,India,POS,No,No,No,15,5
TXN102263,CUST1520,1273174271832240,28,Male,E-Commerce,144750.38,2026-07-21,21:58:08,Delhi,Delhi,India,Tablet,Yes,No,No,9,5
TXN102264,CUST1032,4046551128638110,40,Male,Electronics,106117.06,2026-03-09,17:45:38,Madurai,Tamil Nadu,India,Mobile,No,No,No,19,2
TXN102265,CUST1174,8276774239354337,30,Male,Entertainment,78028.44,2026-04-21,19:26:49,Jaipur,Rajasthan,India,Laptop,Yes,No,Yes,2,0
TXN102266,CUST1142,6077214348696537,22,Female,Travel,71486.58,2026-02-27,00:22:11,Chennai,Tamil Nadu,India,Laptop,Yes,No,Yes,1,5
TXN102267,CUST1582,5079337731297341,65,Female,ATM,51015.83,2026-03-23,21:44:29,Kochi,Kerala,India,Mobile,Yes,No,Yes,1,4
TXN102268,CUST1061,7220871218945239,59,Female,E-Commerce,62058.34,2026-01-20,04:15:13,Coimbatore,Tamil Nadu,India,POS,No,No,Yes,15,2
TXN102269,CUST1457,9032308880609417,39,Male,Electronics,143213.81,2026-05-24,03:14:59,Chennai,Tamil Nadu,India,Mobile,No,No,No,12,4
TXN102270,CUST1718,7558509591450497,29,Male,Healthcare,61874.61,2026-05-30,21:25:08,Delhi,Delhi,India,Laptop,No,No,Yes,18,0
TXN102271,CUST1295,2043845046217643,36,Male,E-Commerce,135642.56,2026-02-24,13:50:56,Mumbai,Maharashtra,India,Tablet,No,Yes,No,18,5
TXN102272,CUST1574,6985857491106672,45,Female,Fuel,75625.36,2026-11-16,07:41:37,Delhi,Delhi,India,POS,Yes,No,No,2,0
TXN102273,CUST1164,4931645982437804,46,Male,Restaurant,5939.67,2026-11-18,18:12:24,Kochi,Kerala,India,Mobile,No,No,No,19,1
TXN102274,CUST1443,9203273571256721,27,Male,Grocery,4078.25,2026-06-24,14:42:32,Jaipur,Rajasthan,India,POS,Yes,No,Yes,5,5
TXN102275,CUST1313,2566009805783690,62,Male,Grocery,30367.59,2026-05-18,02:52:58,Bengaluru,Karnataka,India,Tablet,No,Yes,Yes,19,4
TXN102276,CUST1331,6849977070600746,24,Female,Fashion,37165.71,2026-08-16,01:03:50,Hyderabad,Telangana,India,Mobile,No,No,No,7,3
TXN102277,CUST1574,7163876215774054,41,Female,Healthcare,18334.77,2026-03-18,09:48:34,Delhi,Delhi,India,POS,Yes,No,Yes,16,4
TXN102278,CUST1371,3141988726349212,26,Male,Fashion,86457.46,2026-10-27,16:57:53,Madurai,Tamil Nadu,India,Mobile,No,Yes,Yes,15,5
TXN102279,CUST1126,3204484567715417,59,Female,Healthcare,1109.6,2026-06-11,13:35:37,Bengaluru,Karnataka,India,Mobile,Yes,No,No,12,3
TXN102280,CUST1669,6776576664760852,18,Female,Electronics,87938.02,2026-06-09,10:56:20,Madurai,Tamil Nadu,India,Mobile,No,No,Yes,10,4
TXN102281,CUST1639,8878298872754422,18,Female,Fuel,103056.51,2026-10-11,11:44:02,Mumbai,Maharashtra,India,Laptop,No,Yes,No,9,0
TXN102282,CUST1064,6724663903214303,23,Male,E-Commerce,123123.13,2026-05-03,07:52:01,Coimbatore,Tamil Nadu,India,Mobile,Yes,No,Yes,13,2
TXN102283,CUST1258,8855875524529615,22,Female,Fashion,61839.62,2026-08-23,08:22:29,Pune,Maharashtra,India,Laptop,No,Yes,No,19,4
TXN102284,CUST1205,8713556696338958,45,Female,Fuel,69623.09,2026-10-01,04:20:43,Mumbai,Maharashtra,India,Mobile,Yes,Yes,No,5,2
TXN102285,CUST1435,9476293684268517,55,Female,Fashion,65144.36,2026-10-17,23:53:38,Chennai,Tamil Nadu,India,Mobile,Yes,Yes,No,3,4
TXN102286,CUST1778,0952038721215190,58,Female,Travel,109664.9,2026-07-15,05:52:19,Hyderabad,Telangana,India,Tablet,Yes,Yes,Yes,4,3
TXN102287,CUST1345,6633935082432625,33,Male,Restaurant,2223.3,2026-01-28,20:31:20,Kochi,Kerala,India,POS,Yes,No,Yes,2,1
TXN102288,CUST1290,8435074509332809,58,Female,Grocery,21000.1,2026-05-19,00:19:59,Bengaluru,Karnataka,India,Mobile,Yes,Yes,No,16,0
TXN102289,CUST1686,8235327737655476,22,Female,Electronics,66599.78,2026-09-01,07:21:20,Hyderabad,Telangana,India,Mobile,No,No,Yes,6,3
TXN102290,CUST1417,6153939294270215,21,Male,Fashion,132711.1,2026-04-24,20:15:36,Chennai,Tamil Nadu,India,Tablet,Yes,No,No,17,1
TXN102291,CUST1295,7733912990371912,46,Female,E-Commerce,36400.94,2026-12-23,11:20:29,Coimbatore,Tamil Nadu,India,POS,Yes,Yes,Yes,14,5
TXN102292,CUST1192,2065910044364364,36,Female,Fashion,123565.64,2026-10-16,13:37:05,Hyderabad,Telangana,India,Laptop,Yes,Yes,Yes,15,5
TXN102293,CUST1154,2768352780878571,21,Male,Fashion,81084.03,2026-07-10,06:02:00,Chennai,Tamil Nadu,India,Mobile,Yes,No,Yes,5,2
TXN102294,CUST1527,6775465861728470,33,Female,Restaurant,120523.63,2026-11-23,06:14:11,Hyderabad,Telangana,India,Tablet,No,No,No,3,2
TXN102295,CUST1304,6351757351851769,61,Female,Travel,105560.17,2026-10-17,11:58:37,Mumbai,Maharashtra,India,POS,No,Yes,Yes,8,5
TXN102296,CUST1225,7522964842109222,38,Male,Restaurant,50809.79,2026-09-03,18:40:23,Bengaluru,Karnataka,India,Tablet,Yes,Yes,No,13,3
TXN102297,CUST1047,4142643029708137,27,Male,E-Commerce,83956.73,2026-03-04,00:39:49,Bengaluru,Karnataka,India,POS,Yes,No,Yes,20,1
TXN102298,CUST1171,9501496284076953,56,Male,ATM,70202.27,2026-04-19,21:42:18,Delhi,Delhi,India,Tablet,No,Yes,Yes,15,4
TXN102299,CUST1160,4466669483609438,44,Male,Travel,135818.01,2026-01-09,16:20:21,Jaipur,Rajasthan,India,Laptop,No,No,Yes,19,3
